[
  {
    "id": 1,
    "title": "Lux",
    "units": 20,
    "unitPrice": 70
  },
  {
    "id": 2,
    "title": "Dove",
    "units": 45,
    "unitPrice": 60
  },
  {
    "id": 3,
    "title": "Lifebuoy",
    "units": 25,
    "unitPrice": 80
  },
  {
    "id": 4,
    "title": "Capri",
    "units": 30,
    "unitPrice": 75
  },
  {
    "id": 5,
    "title": "Safeguard",
    "units": 22,
    "unitPrice": 85
  },
  {
    "id": 6,
    "title": "Dettol",
    "units": 18,
    "unitPrice": 95
  },
  {
    "id": 7,
    "title": " Palmolive",
    "units": 32,
    "unitPrice": 90
  }
]