[
  {
    "id": 1,
    "customerId": 1,
    "paymentMethod": "cash",
    "items": [
      {
        "id": 1,
        "quantity": 2,
        "price": 80
      },
      {
        "id": 2,
        "quantity": 2,
        "price": 80
      },
      {
        "id": 3,
        "quantity": 2,
        "price": 80
      }
    ]
  },
  {
    "id": 2,
    "customerId": 2,
    "paymentMethod": "card",
    "items": [
      {
        "id": 2,
        "quantity": 3,
        "price": 70
      }
    ]
  },
  {
    "id": 3,
    "customerId": 3,
    "paymentMethod": "credit",
    "items": [
      {
        "id": 4,
        "quantity": 1,
        "price": 90
      }
    ]
  }
]